Epoch,Memory,Power,Utilization,Val_Acc
0,9609,,99,0.9160833333333334
1,9213,,98,0.9471666666666667
2,13043,,99,0.9400833333333334
3,19845,,99,0.9515
4,19951,,99,0.9583333333333334
