Epoch,Memory,Power,Utilization,Val_Acc
0,1674,14,14,0.9254999798536303
1,1648,50,11,0.9485999840497968
2,1644,49,10,0.9523999792337424
3,1662,49,9,0.9607999759912493
4,1663,48,11,0.9608999764919284
5,1646,20,32,0.9678999763727192
6,1647,19,25,0.9718999707698831
