Epoch,Memory,Power,Utilization,Val_Acc
0,1356,19,26,0.9029999798536301
1,1356,19,27,0.942799980640412
2,1353,17,47,0.9590999782085422
3,1733,19,30,0.947099983096123
4,1693,19,26,0.9670999741554263
5,1353,19,29,0.9669999730587008
6,1354,17,25,0.9677999722957614
7,1356,19,26,0.966099973320962
8,1357,17,26,0.9626999759674075
9,1355,20,25,0.9697999686002732
10,1356,19,29,0.9667999750375752
11,1356,20,29,0.9754999667406089
