Epoch,Memory,Power,Utilization,Val_Acc
0,9089,,99,0.9105999809503558
1,14203,,99,0.9421999830007554
2,13711,,99,0.9553999811410906
3,7695,,99,0.9531999832391743
4,14261,,99,0.96589997291565
