Epoch,Memory,Power,Utilization,Val_Acc
0,1815,14,15,0.9254999798536303
1,1751,42,2,0.9485999840497968
2,1820,15,21,0.9523999792337424
3,1828,16,13,0.9607999759912493
4,1772,36,8,0.9608999764919284
5,1712,43,5,0.9678999763727192
6,1792,18,18,0.9718999707698831
