BP,FF
1728856195.270704,1728856684.7763298
1728856674.7690213,1728857582.1416886
