BP,FF
1730122926.1386793,1730123204.7135594
1730123194.7061875,1730123427.160006
