BP,FF
1728957528.8747628,1728958040.4310987
1728958030.428038,1728959009.6627312
