BP,FF
1730121939.9741943,1730122219.1331599
1730122209.132426,1730122439.7218244
