BP,FF
1728724643.018922,1728724867.8750157
1728724857.8728294,1728725171.9858098
