BP,FF
1729948886.5028617,1729950033.3349917
1729950023.3249426,1729952140.6843746
