BP,FF
1730120442.6361291,1730120719.999702
1730120709.9852786,1730120938.903895
