BP,FF
1730124413.2239707,1730124691.787573
1730124681.7798748,1730124909.6650913
