BP,FF
1728601706.3917549,1728601915.5734668
1728601905.5634258,1728602175.8189678
