BP,FF
1730123914.5449314,1730124193.175694
1730124183.168864,1730124413.079154
