BP,FF
1730123427.2756393,1730123705.6897664
1730123695.679599,1730123914.4449239
