BP,FF
1728566656.4075203,1728566740.69888
1728566710.6154761,1728566809.607245
