BP,FF
1730120939.0291867,1730121215.8092372
1730121205.792022,1730121441.1163585
