BP,FF
1728876786.5696971,1728877295.7936711
1728877285.7835333,1728878223.885525
