BP,FF
1730124909.745295,1730125188.300545
1730125178.291665,1730125407.3148444
