BP,FF
<<<<<<< HEAD
1728993338.0349936,1728993557.514368
1728993547.502179,1728993772.3979461
=======
1729948886.5028617,1729950033.3349917
1729950023.3249426,1729952140.6843746
>>>>>>> main
