BP,FF
1730121441.2364311,1730121719.7305791
1730121709.7236826,1730121939.8922584
