BP,FF
1728993338.0349936,1728993557.514368
1728993547.502179,1728993772.3979461
