BP,FF
1730122439.7939117,1730122718.232148
1730122708.227679,1730122925.9991634
