BP,FF
1728817156.0443087,1728817258.780734
1728817248.763277,1728817391.5418856
